train_id,ts,station,section,delay_min,speed_kmph,state,remark
T101,297.4,S1,,0.7,0.0,at_station,
T101,309.2,S2,S1-S2,-1.9,82.1,at_station,
T102,322.0,S1,,1.7,0.0,at_station,
T101,328.9,S3,S2-S3,-1.8,83.5,at_station,
T102,337.6,S2,S1-S2,2.9,77.3,at_station,
T101,345.6,S4,S3-S4,-3.6,68.6,at_station,
T103,349.7,S1,,3.9,0.0,at_station,
T102,356.7,S3,S2-S3,2.4,72.8,at_station,
T103,365.7,S2,S1-S2,5.5,74.4,at_station,
T104,368.2,S1,,0.2,0.0,at_station,
T101,369.0,S5,S4-S5,-4.6,66.3,at_station,
T102,377.6,S4,S3-S4,4.9,63.2,at_station,
T104,387.4,S2,S1-S2,5.0,67.9,at_station,
T105,393.8,S1,,2.0,0.0,at_station,
T101,395.1,S6,S5-S6,-4.5,44.3,at_station,
T103,397.1,S3,S2-S3,17.3,81.3,halted,
T102,399.3,S5,S4-S5,2.1,79.2,at_station,
T104,412.3,S3,S2-S3,10.3,85.1,at_station,
T105,412.5,S2,S1-S2,6.4,73.2,at_station,
T103,414.3,S4,S3-S4,16.0,50.7,at_station,
T106,414.6,S1,,0.5,0.0,at_station,
T101,420.7,S7,S6-S7,-1.9,70.7,at_station,
T104,428.2,S4,S3-S4,7.8,54.3,at_station,
T102,431.0,S6,S5-S6,7.9,46.5,at_station,
T101,433.5,S8,S7-S8,-4.2,55.1,at_station,
T106,435.3,S2,S1-S2,6.8,76.9,at_station,
T107,435.3,S1,,0.9,0.0,at_station,
T103,436.4,S5,S4-S5,13.8,80.3,at_station,
T105,438.0,S3,S2-S3,12.3,78.0,at_station,
T102,450.1,S7,S6-S7,3.9,67.9,at_station,
T104,453.1,S5,S4-S5,8.4,88.6,at_station,
T107,454.2,S2,S1-S2,5.4,84.2,at_station,
T105,458.8,S4,S3-S4,14.6,55.6,at_station,
T106,458.8,S3,S2-S3,10.7,69.2,at_station,
T103,460.2,S6,S5-S6,11.6,49.7,at_station,
T108,461.0,S1,,3.9,0.0,at_station,
T101,462.4,S9,S8-S9,-1.2,82.6,at_station,
T102,463.0,S8,S7-S8,1.7,63.2,at_station,
T104,473.6,S6,S5-S6,2.9,47.9,at_station,
T106,479.6,S4,S3-S4,13.0,49.3,at_station,
T105,481.8,S5,S4-S5,13.3,84.1,at_station,
T108,482.0,S2,S1-S2,10.5,83.5,at_station,
T109,482.0,S1,,3.8,0.0,at_station,
T101,482.5,S10,S9-S10,-2.3,78.5,at_station,
T103,483.3,S7,S6-S7,11.6,76.0,at_station,
T107,484.5,S3,S2-S3,16.2,76.5,halted,
T102,487.1,S9,S8-S9,-0.2,67.6,at_station,
T103,493.8,S8,S7-S8,7.1,53.0,at_station,
T104,496.7,S7,S6-S7,2.9,69.8,at_station,
T107,499.5,S4,S3-S4,12.8,59.7,at_station,
T109,501.3,S2,S1-S2,8.7,80.1,at_station,
T101,503.4,S11,S10-S11,-2.7,49.9,at_station,
T106,505.0,S5,S4-S5,14.1,72.8,at_station,
T110,507.5,S1,,2.1,0.0,at_station,
T104,507.7,S8,S7-S8,-1.2,56.4,at_station,
T108,507.9,S3,S2-S3,16.8,74.7,at_station,
T105,508.0,S6,S5-S6,13.5,56.3,at_station,
T102,510.3,S10,S9-S10,1.9,75.2,at_station,
T103,518.2,S9,S8-S9,5.5,73.2,at_station,
T107,520.1,S5,S4-S5,9.0,72.2,at_station,
T110,525.2,S2,S1-S2,5.3,71.6,at_station,
T108,527.6,S4,S3-S4,18.1,58.8,at_station,
T106,529.2,S6,S5-S6,12.3,51.5,at_station,
T111,529.4,S1,,2.4,0.0,at_station,
T109,530.4,S3,S2-S3,18.2,79.9,halted,
T105,530.7,S7,S6-S7,13.2,72.7,at_station,
T102,530.8,S11,S10-S11,1.1,45.5,at_station,
T101,532.9,S12,S11-S12,-4.2,72.4,at_station,
T104,535.3,S9,S8-S9,0.4,75.1,at_station,
T103,536.7,S10,S9-S10,2.8,75.7,at_station,
T111,542.6,S2,S1-S2,1.1,72.9,at_station,
T105,542.9,S8,S7-S8,10.3,53.9,at_station,
T110,543.2,S3,S2-S3,3.7,80.4,at_station,
T107,545.5,S6,S5-S6,8.4,60.9,at_station,
T112,547.1,S1,,2.3,0.0,at_station,
T109,549.3,S4,S3-S4,18.7,49.8,at_station,
T108,551.1,S5,S4-S5,17.2,72.4,at_station,
T106,551.6,S7,S6-S7,11.7,84.8,at_station,
T103,555.2,S11,S10-S11,0.1,51.0,at_station,
T104,555.9,S10,S9-S10,-0.2,65.8,at_station,
T110,560.2,S4,S3-S4,2.4,64.2,at_station,
T101,560.8,S5,S4-S5,-45.0,60.0,running,
T112,561.2,S2,S1-S2,2.0,71.8,at_station,
T111,561.7,S3,S2-S3,0.7,75.5,at_station,
T102,562.9,S12,S11-S12,2.2,74.0,at_station,
T105,565.5,S9,S8-S9,6.9,79.1,at_station,
T106,566.4,S8,S7-S8,11.4,64.3,at_station,
T107,568.0,S7,S6-S7,7.9,64.0,at_station,
T109,569.5,S5,S4-S5,14.5,83.8,at_station,
T113,571.4,S1,,2.0,0.0,at_station,
T104,574.4,S11,S10-S11,-2.8,65.1,at_station,
T108,576.1,S6,S5-S6,16.2,45.4,at_station,
T112,577.7,S3,S2-S3,-1.1,67.2,at_station,
T107,577.8,S8,S7-S8,2.5,60.0,at_station,
T111,579.2,S4,S3-S4,-0.3,56.5,at_station,
T110,582.3,S5,S4-S5,0.0,79.1,at_station,
T105,585.9,S10,S9-S10,6.1,77.6,at_station,
T113,586.1,S2,S1-S2,2.4,81.2,at_station,
T103,587.5,S12,S11-S12,1.4,77.6,at_station,
T114,590.8,S1,,0.1,0.0,at_station,
T106,591.0,S9,S8-S9,10.0,68.2,at_station,
T112,593.5,S4,S3-S4,-3.7,63.6,at_station,
T109,595.9,S6,S5-S6,14.9,40.4,at_station,
T108,599.6,S7,S6-S7,16.7,83.3,at_station,
T114,603.2,S2,S1-S2,-1.9,74.0,at_station,
T107,603.6,S9,S8-S9,2.4,83.5,at_station,
T111,604.0,S5,S4-S5,0.1,73.1,at_station,
T113,604.2,S3,S2-S3,0.9,85.4,at_station,
T105,606.0,S11,S10-S11,5.0,49.3,at_station,
T110,606.4,S6,S5-S6,-1.8,44.8,at_station,
T104,606.9,S12,S11-S12,-1.4,77.8,at_station,
T106,609.0,S10,S9-S10,6.8,76.5,at_station,
T115,613.0,S1,,0.3,0.0,at_station,
T108,615.2,S8,S7-S8,17.2,50.2,at_station,
T109,618.1,S7,S6-S7,14.1,66.3,at_station,
T112,619.0,S5,S4-S5,-2.6,74.3,at_station,
T113,619.8,S4,S3-S4,-1.9,54.6,at_station,
T114,622.7,S3,S2-S3,-2.0,72.1,at_station,
T107,624.1,S10,S9-S10,1.6,70.5,at_station,
T110,626.0,S7,S6-S7,-5.3,69.2,at_station,
T106,628.4,S11,S10-S11,4.9,54.4,at_station,
T115,629.0,S2,S1-S2,1.9,75.1,at_station,
T105,629.4,S12,S11-S12,-2.7,70.3,at_station,
T111,630.2,S6,S5-S6,0.4,48.0,at_station,
T109,631.9,S8,S7-S8,12.7,66.7,at_station,
T108,639.5,S9,S8-S9,15.5,70.6,at_station,
T116,640.3,S1,,0.7,0.0,at_station,
T110,641.7,S8,S7-S8,-4.7,60.7,at_station,
T114,642.8,S4,S3-S4,-0.3,55.4,at_station,
T113,643.5,S5,S4-S5,-2.7,75.7,at_station,
T112,644.2,S6,S5-S6,-3.4,53.6,at_station,
T107,645.3,S11,S10-S11,1.6,49.3,at_station,
T115,648.0,S3,S2-S3,1.3,84.3,at_station,
T106,652.3,S12,S11-S12,-2.1,70.5,at_station,
T116,653.3,S2,S1-S2,-0.7,74.2,at_station,
T111,654.0,S7,S6-S7,1.2,81.3,at_station,
T117,656.9,S1,,0.1,0.0,at_station,
T108,658.4,S10,S9-S10,13.2,70.8,at_station,
T109,658.7,S9,S8-S9,13.6,76.6,at_station,
T115,665.2,S4,S3-S4,0.0,59.7,at_station,
T110,666.6,S9,S8-S9,-5.7,64.3,at_station,
T113,667.0,S6,S5-S6,-5.2,50.6,at_station,
T114,667.5,S5,S4-S5,0.0,76.8,at_station,
T111,668.1,S8,S7-S8,0.1,53.8,at_station,
T112,668.7,S7,S6-S7,-1.9,72.5,at_station,
T117,669.8,S2,S1-S2,-1.5,77.3,at_station,
T107,675.3,S12,S11-S12,0.6,71.8,at_station,
T116,675.8,S3,S2-S3,2.2,70.6,at_station,
T108,676.1,S11,S10-S11,9.7,43.6,at_station,
T109,681.9,S10,S9-S10,15.6,69.8,at_station,
T118,684.6,S1,,3.1,0.0,at_station,
T112,684.9,S8,S7-S8,-0.8,46.7,at_station,
T113,690.0,S7,S6-S7,-5.2,77.5,at_station,
T115,690.1,S5,S4-S5,0.5,72.6,at_station,
T110,690.2,S10,S9-S10,-3.4,81.8,at_station,
T111,693.1,S9,S8-S9,-0.9,81.8,at_station,
T116,693.3,S4,S3-S4,1.3,56.2,at_station,
T117,694.4,S3,S2-S3,3.6,82.6,at_station,
T114,694.6,S6,S5-S6,1.1,52.8,at_station,
T109,699.9,S11,S10-S11,12.4,46.2,at_station,
T118,700.1,S2,S1-S2,4.1,77.7,at_station,
T113,704.4,S8,S7-S8,-5.9,53.8,at_station,
T108,705.4,S12,S11-S12,8.0,83.7,at_station,
T119,707.5,S1,,3.6,0.0,at_station,
T110,708.6,S11,S10-S11,-6.2,44.5,at_station,
T112,710.0,S9,S8-S9,-1.7,73.8,at_station,
T114,711.8,S7,S6-S7,-4.7,61.4,at_station,
T117,713.1,S4,S3-S4,3.8,64.1,at_station,
T111,714.9,S10,S9-S10,-0.3,84.1,at_station,
T118,716.2,S3,S2-S3,0.6,65.5,at_station,
T115,717.6,S6,S5-S6,2.1,51.6,at_station,
T116,718.1,S5,S4-S5,1.7,70.8,at_station,
T119,723.0,S2,S1-S2,4.7,78.0,at_station,
T114,726.5,S8,S7-S8,-5.1,61.9,at_station,
T120,728.5,S1,,2.3,0.0,at_station,
T113,729.3,S9,S8-S9,-7.0,76.5,at_station,
T109,731.2,S12,S11-S12,12.7,63.5,at_station,
T111,732.7,S11,S10-S11,-3.7,43.8,at_station,
T112,734.3,S10,S9-S10,1.4,67.9,at_station,
T117,736.3,S5,S4-S5,2.6,74.4,at_station,
T120,738.0,S2,S1-S2,-2.7,65.9,at_station,
T118,738.2,S4,S3-S4,4.2,56.6,at_station,"track maintenance at S3, single-line working"
T110,739.6,S12,S11-S12,-6.2,66.8,at_station,
T115,740.9,S7,S6-S7,2.4,62.9,at_station,
T119,741.3,S3,S2-S3,3.4,76.9,at_station,
T116,744.6,S6,S5-S6,2.2,46.3,at_station,
T113,750.4,S10,S9-S10,-7.0,77.8,at_station,
T121,752.0,S1,,3.9,0.0,at_station,
T114,753.1,S9,S8-S9,-4.6,84.0,at_station,
T115,755.0,S8,S7-S8,1.4,46.4,at_station,
T112,755.4,S11,S10-S11,1.3,47.8,at_station,
T119,757.2,S4,S3-S4,1.0,51.5,at_station,
T120,759.4,S3,S2-S3,-0.9,63.7,at_station,
T117,759.7,S6,S5-S6,0.1,46.6,at_station,
T118,762.0,S5,S4-S5,3.7,70.4,at_station,
T111,766.2,S12,S11-S12,-1.2,79.4,at_station,
T116,768.6,S7,S6-S7,3.2,79.9,at_station,
T121,770.4,S2,S1-S2,7.9,67.6,at_station,
T122,771.3,S1,,2.5,0.0,at_station,
T114,774.1,S10,S9-S10,-4.7,74.7,at_station,
T113,776.5,S11,S10-S11,-2.2,45.2,at_station,
T120,776.8,S4,S3-S4,-1.9,65.7,at_station,
T115,777.1,S9,S8-S9,-2.6,75.1,at_station,
T109,777.5,S5,S4-S5,-45.0,60.0,running,
T117,782.8,S7,S6-S7,0.2,85.5,at_station,
T116,782.9,S8,S7-S8,2.4,54.7,at_station,
T119,782.9,S5,S4-S5,2.2,81.1,at_station,
T122,785.7,S2,S1-S2,2.4,73.2,at_station,
T118,787.9,S6,S5-S6,3.6,59.6,at_station,
T121,788.9,S3,S2-S3,6.8,69.6,at_station,
T112,789.9,S12,S11-S12,4.9,76.8,at_station,
T114,793.9,S11,S10-S11,-6.1,35.5,at_station,
T123,795.7,S1,,1.1,0.0,at_station,
T117,797.6,S8,S7-S8,-0.1,50.4,at_station,
T115,798.0,S10,S9-S10,-2.8,66.9,at_station,
T120,798.6,S5,S4-S5,-4.4,68.8,at_station,
T122,803.4,S3,S2-S3,0.5,76.5,at_station,
T121,805.6,S4,S3-S4,5.1,53.5,at_station,
T123,808.8,S2,S1-S2,-0.3,79.5,at_station,
T116,809.4,S9,S8-S9,2.8,80.3,at_station,
T119,809.4,S6,S5-S6,2.7,55.2,at_station,
T118,810.9,S7,S6-S7,3.6,70.4,at_station,
T115,811.7,S11,S10-S11,-10.3,47.3,at_station,
T113,813.5,S12,S11-S12,3.8,70.6,at_station,
T128,815.3,S5,S4-S5,-45.0,60.0,running,
T124,816.0,S1,,1.5,0.0,at_station,
T122,821.0,S4,S3-S4,-0.3,48.1,at_station,
T123,825.6,S3,S2-S3,-3.1,76.5,at_station,
T117,825.7,S9,S8-S9,1.9,82.6,at_station,
T116,825.9,S10,S9-S10,-1.8,71.0,at_station,
T120,828.0,S6,S5-S6,-1.0,45.1,at_station,
T121,828.3,S5,S4-S5,3.4,62.2,at_station,
T118,829.8,S8,S7-S8,7.3,45.6,at_station,
T114,829.9,S12,S11-S12,-1.1,77.5,at_station,
T124,831.1,S2,S1-S2,2.2,86.1,at_station,
T119,832.6,S7,S6-S7,3.0,63.9,at_station,
T115,840.5,S12,S11-S12,-12.6,70.8,at_station,
T125,844.1,S1,,0.7,0.0,at_station,
T122,845.0,S5,S4-S5,-0.6,90.5,at_station,
T123,845.0,S4,S3-S4,-2.1,63.2,at_station,
T116,845.3,S11,S10-S11,-3.6,53.5,at_station,
T117,845.6,S10,S9-S10,0.7,77.3,at_station,
T119,849.6,S8,S7-S8,4.8,51.8,at_station,
T120,852.0,S7,S6-S7,-0.0,76.2,at_station,
T124,852.8,S3,S2-S3,4.3,78.3,at_station,
T121,854.3,S6,S5-S6,3.4,51.5,at_station,
T118,855.1,S9,S8-S9,6.6,66.0,at_station,
T125,859.0,S2,S1-S2,1.3,81.9,at_station,
T126,859.8,S1,,0.7,0.0,at_station,
T120,866.3,S8,S7-S8,-0.9,64.6,at_station,
T117,867.7,S11,S10-S11,1.6,48.2,at_station,
T124,869.6,S4,S3-S4,2.7,52.2,at_station,
T122,871.3,S6,S5-S6,-0.3,58.3,at_station,
T123,872.2,S5,S4-S5,0.7,74.5,at_station,
T126,872.6,S2,S1-S2,-0.9,81.4,at_station,
T116,874.4,S12,S11-S12,-5.5,67.2,at_station,
T119,876.5,S9,S8-S9,5.8,74.6,at_station,
T125,877.2,S3,S2-S3,-0.2,73.9,at_station,
T121,878.9,S7,S6-S7,5.0,77.1,at_station,
T118,882.7,S10,S9-S10,13.0,75.5,at_station,
T127,886.0,S1,,2.6,0.0,at_station,
T126,891.7,S3,S2-S3,-1.5,73.7,at_station,
T121,892.0,S8,S7-S8,3.0,60.8,at_station,
T122,892.5,S7,S6-S7,-2.2,90.6,at_station,
T124,893.1,S5,S4-S5,1.8,81.5,at_station,
T120,893.8,S9,S8-S9,0.6,63.1,at_station,
T125,896.5,S4,S3-S4,0.8,56.0,at_station,
T123,897.4,S6,S5-S6,-0.1,51.3,at_station,
T119,897.7,S10,S9-S10,5.7,76.4,at_station,
T117,899.1,S12,S11-S12,2.0,74.5,at_station,
T118,900.6,S11,S10-S11,9.7,43.6,at_station,
T127,900.7,S2,S1-S2,3.0,84.3,at_station,
T122,905.5,S8,S7-S8,-4.2,50.9,at_station,
T128,910.6,S1,,2.1,0.0,at_station,
T126,912.1,S4,S3-S4,0.5,57.4,at_station,
T125,918.1,S5,S4-S5,-2.0,67.3,at_station,
T124,918.2,S6,S5-S6,0.9,34.5,at_station,
T119,919.4,S11,S10-S11,6.2,53.7,at_station,
T120,919.7,S10,S9-S10,5.3,69.2,at_station,
T127,919.9,S3,S2-S3,2.5,71.9,at_station,
T121,920.3,S9,S8-S9,5.2,79.6,at_station,
T123,921.7,S7,S6-S7,1.2,79.0,at_station,
T128,923.7,S2,S1-S2,0.8,71.4,at_station,
T118,928.4,S12,S11-S12,6.6,72.4,at_station,
T122,931.3,S9,S8-S9,-4.4,85.3,at_station,
T129,933.5,S1,,0.4,0.0,at_station,
T126,935.2,S5,S4-S5,-0.7,69.0,at_station,
T123,935.6,S8,S7-S8,0.1,49.4,at_station,
T127,935.7,S4,S3-S4,0.0,52.5,at_station,
T124,940.3,S7,S6-S7,0.0,73.0,at_station,
T121,941.0,S10,S9-S10,4.8,72.9,at_station,
T128,941.3,S3,S2-S3,-1.3,66.1,at_station,
T125,943.9,S6,S5-S6,-2.3,58.3,at_station,
T120,944.0,S11,S10-S11,8.5,44.6,at_station,
T129,946.6,S2,S1-S2,-0.9,63.7,at_station,
T119,950.3,S12,S11-S12,6.1,74.8,at_station,
T130,954.4,S1,,3.1,0.0,at_station,
T124,957.4,S8,S7-S8,2.0,62.3,at_station,
T122,958.1,S10,S9-S10,1.1,73.2,at_station,
T127,958.2,S5,S4-S5,-2.0,67.1,at_station,
T128,958.4,S4,S3-S4,-2.6,53.2,at_station,"signal failure near S5, trains being piloted"
T123,960.9,S9,S8-S9,-0.7,72.1,at_station,
T121,963.6,S11,S10-S11,6.2,47.1,at_station,
T126,964.2,S6,S5-S6,2.2,49.2,at_station,
T130,964.8,S2,S1-S2,-1.0,87.9,at_station,
T129,967.6,S3,S2-S3,0.5,69.2,at_station,
T125,967.8,S7,S6-S7,-1.4,83.8,at_station,
T126,969.3,S5,S4-S5,-45.0,60.0,running,
T120,973.0,S12,S11-S12,6.5,77.5,at_station,
T131,976.2,S1,,3.6,0.0,at_station,
T122,980.6,S11,S10-S11,2.4,57.7,at_station,
T123,980.7,S10,S9-S10,-2.1,63.8,at_station,
T125,981.6,S8,S7-S8,-2.6,57.1,at_station,
T128,981.6,S5,S4-S5,-3.8,78.0,at_station,
T124,984.6,S9,S8-S9,3.2,79.2,at_station,
T129,984.9,S4,S3-S4,-0.5,63.4,at_station,
T127,985.3,S6,S5-S6,-0.9,53.0,at_station,
T126,986.2,S7,S6-S7,1.2,73.8,at_station,
T131,987.3,S2,S1-S2,0.4,74.4,at_station,
T130,989.3,S3,S2-S3,3.9,82.2,at_station,
T121,990.5,S12,S11-S12,2.1,62.6,at_station,
T132,995.3,S1,,1.2,0.0,at_station,
T126,1002.0,S8,S7-S8,1.9,51.1,at_station,
T123,1003.5,S11,S10-S11,-0.5,46.0,at_station,
T124,1005.3,S10,S9-S10,2.7,73.2,at_station,
T129,1006.1,S5,S4-S5,-3.8,76.5,at_station,
T131,1007.0,S3,S2-S3,0.5,75.3,at_station,
T127,1007.3,S7,S6-S7,-1.8,72.9,at_station,
T128,1007.5,S6,S5-S6,-3.9,48.4,at_station,
T132,1007.7,S2,S1-S2,-0.8,81.6,at_station,
T130,1008.2,S4,S3-S4,4.4,52.4,at_station,
T125,1010.0,S9,S8-S9,-0.3,80.8,at_station,
T122,1010.6,S12,S11-S12,1.4,70.7,at_station,
T127,1020.3,S8,S7-S8,-3.9,54.7,at_station,
T131,1022.7,S4,S3-S4,-2.2,59.4,at_station,
T133,1023.8,S1,,2.6,0.0,at_station,
T124,1023.9,S11,S10-S11,0.1,42.3,at_station,
T126,1026.9,S9,S8-S9,0.8,70.8,at_station,
T128,1028.3,S7,S6-S7,-6.0,67.7,at_station,
T132,1029.8,S3,S2-S3,1.7,71.1,at_station,
T125,1030.8,S10,S9-S10,-0.6,79.0,at_station,
T129,1030.9,S6,S5-S6,-5.0,43.6,at_station,
T130,1031.7,S5,S4-S5,3.5,94.3,at_station,
T133,1031.7,S2,S1-S2,-4.0,83.2,at_station,
T123,1035.7,S12,S11-S12,0.8,69.8,at_station,
T126,1043.7,S10,S9-S10,-3.5,69.5,at_station,
T131,1044.6,S5,S4-S5,-4.7,86.4,at_station,
T128,1045.7,S8,S7-S8,-3.7,53.0,at_station,
T134,1047.5,S1,,2.8,0.0,at_station,
T127,1048.1,S9,S8-S9,-2.1,66.9,at_station,
T132,1049.2,S4,S3-S4,2.7,57.6,at_station,
T125,1050.0,S11,S10-S11,-2.7,53.9,at_station,
T133,1052.4,S3,S2-S3,-2.9,81.4,at_station,
T124,1055.1,S12,S11-S12,0.3,70.1,at_station,
T129,1057.0,S7,S6-S7,-1.9,90.5,at_station,
T130,1058.0,S6,S5-S6,3.8,52.5,at_station,
T134,1061.9,S2,S1-S2,2.9,73.5,at_station,
T126,1063.4,S11,S10-S11,-5.0,57.8,at_station,
T127,1066.5,S10,S9-S10,-5.0,74.9,at_station,
T131,1069.3,S6,S5-S6,-6.0,51.6,at_station,
T128,1070.1,S9,S8-S9,-5.3,77.8,at_station,
T135,1071.7,S1,,2.8,0.0,at_station,
T132,1073.3,S5,S4-S5,2.5,84.3,at_station,
T133,1073.3,S4,S3-S4,-0.4,59.3,at_station,
T129,1073.5,S8,S7-S8,-0.5,63.5,at_station,
T134,1077.5,S3,S2-S3,-1.2,61.7,at_station,
T130,1081.6,S7,S6-S7,4.4,78.8,at_station,
T125,1082.5,S12,S11-S12,-1.1,77.9,at_station,
T135,1085.4,S2,S1-S2,2.1,86.8,at_station,
T127,1087.7,S11,S10-S11,-5.0,46.7,at_station,
T128,1090.7,S10,S9-S10,-5.9,77.6,at_station,
T136,1091.6,S1,,1.3,0.0,at_station,
T126,1093.1,S12,S11-S12,-6.3,78.2,at_station,
T134,1093.3,S4,S3-S4,-3.8,54.8,at_station,
T131,1094.7,S7,S6-S7,-3.6,76.1,at_station,
T133,1096.5,S5,S4-S5,-1.5,74.5,at_station,
T132,1097.1,S6,S5-S6,0.3,60.6,at_station,
T130,1097.6,S8,S7-S8,5.3,62.2,at_station,
T129,1103.5,S9,S8-S9,3.5,80.8,at_station,
T135,1104.1,S3,S2-S3,1.2,83.5,at_station,
T136,1106.7,S2,S1-S2,1.9,74.6,at_station,
T131,1109.7,S8,S7-S8,-3.7,52.7,at_station,
T128,1113.3,S11,S10-S11,-4.6,48.3,at_station,
T137,1115.8,S1,,2.9,0.0,at_station,
T134,1118.8,S5,S4-S5,-2.6,82.0,at_station,
T130,1120.0,S9,S8-S9,1.7,74.3,at_station,
T135,1120.3,S4,S3-S4,-1.0,62.0,at_station,
T132,1120.6,S7,S6-S7,0.7,82.9,at_station,
T129,1121.5,S10,S9-S10,0.3,65.2,at_station,
T133,1122.6,S6,S5-S6,-1.5,48.2,at_station,
T136,1124.6,S3,S2-S3,0.2,80.6,at_station,
T127,1125.0,S12,S11-S12,1.3,79.0,at_station,
T137,1129.0,S2,S1-S2,1.6,69.3,at_station,
T138,1132.0,S1,,0.4,0.0,at_station,
T131,1132.8,S9,S8-S9,-6.6,79.4,at_station,
T132,1134.3,S8,S7-S8,-0.7,52.6,at_station,
T130,1138.7,S10,S9-S10,-0.8,72.1,at_station,
T134,1142.2,S6,S5-S6,-5.3,57.9,at_station,
T136,1143.7,S4,S3-S4,0.9,59.6,at_station,
T138,1144.1,S2,S1-S2,-1.8,77.6,at_station,
T133,1144.7,S7,S6-S7,-2.3,73.9,at_station,
T129,1144.9,S11,S10-S11,2.5,52.2,at_station,
T135,1146.4,S5,S4-S5,0.7,73.2,at_station,
T137,1146.8,S3,S2-S3,-0.1,72.8,at_station,
T128,1147.3,S12,S11-S12,-1.6,75.0,at_station,
T131,1153.9,S10,S9-S10,-6.7,59.5,at_station,
T139,1158.5,S1,,3.9,0.0,at_station,
T130,1159.3,S11,S10-S11,-1.4,54.9,at_station,
T132,1160.5,S9,S8-S9,-0.5,77.2,at_station,
T138,1162.0,S3,S2-S3,-3.6,83.7,at_station,
T133,1162.2,S8,S7-S8,0.0,61.4,at_station,
T137,1165.3,S4,S3-S4,-0.0,54.7,at_station,
T134,1167.0,S7,S6-S7,-3.5,77.7,at_station,
T136,1167.7,S5,S4-S5,0.5,80.7,at_station,
T139,1169.7,S2,S1-S2,0.6,79.7,at_station,
T135,1169.9,S6,S5-S6,-1.8,45.6,at_station,
T131,1175.4,S11,S10-S11,-6.5,48.0,at_station,
T129,1176.1,S12,S11-S12,2.7,82.0,at_station,
T138,1179.9,S4,S3-S4,-4.0,53.2,at_station,
T132,1181.2,S10,S9-S10,-0.9,71.2,at_station,
T134,1182.2,S8,S7-S8,-3.4,43.9,at_station,
T140,1183.2,S1,,3.0,0.0,at_station,
T137,1183.9,S5,S4-S5,-5.8,69.2,at_station,
T139,1188.0,S3,S2-S3,-0.6,75.5,at_station,
T130,1189.1,S12,S11-S12,-2.6,68.6,at_station,
T133,1190.2,S9,S8-S9,2.1,73.4,at_station,
T140,1192.9,S2,S1-S2,-1.7,79.8,at_station,
T135,1196.1,S7,S6-S7,1.4,71.7,at_station,
T136,1197.3,S6,S5-S6,4.1,47.3,at_station,
T138,1203.9,S5,S4-S5,-4.4,73.6,at_station,
T132,1206.0,S11,S10-S11,2.6,53.2,at_station,
T131,1206.5,S12,S11-S12,-6.3,85.1,at_station,
T139,1207.2,S4,S3-S4,0.2,51.7,at_station,"dense fog near S8, visibility below 50m"
T137,1209.3,S6,S5-S6,-6.5,56.6,at_station,
T134,1209.4,S9,S8-S9,-2.1,77.1,at_station,
T135,1209.8,S8,S7-S8,-0.0,48.8,at_station,
T140,1210.8,S3,S2-S3,-3.4,79.2,at_station,
T133,1211.1,S10,S9-S10,1.7,83.1,at_station,
T136,1217.8,S7,S6-S7,1.6,71.2,at_station,
T140,1226.9,S4,S3-S4,-5.7,66.1,at_station,
T134,1227.4,S10,S9-S10,-5.4,85.2,at_station,
T133,1228.9,S11,S10-S11,-1.7,51.8,at_station,
T138,1230.2,S6,S5-S6,-4.1,52.3,at_station,
T136,1231.5,S8,S7-S8,0.3,54.3,at_station,
T137,1232.7,S7,S6-S7,-6.0,77.5,at_station,
T139,1233.6,S5,S4-S5,2.2,71.9,at_station,
T132,1234.0,S12,S11-S12,-0.4,78.4,at_station,
T135,1235.9,S9,S8-S9,0.1,71.4,at_station,
T134,1247.4,S11,S10-S11,-6.6,55.1,at_station,
T137,1250.5,S8,S7-S8,-3.4,55.9,at_station,
T140,1253.8,S5,S4-S5,-3.2,77.6,at_station,
T138,1254.1,S7,S6-S7,-3.3,80.5,at_station,
T135,1258.4,S10,S9-S10,1.4,66.4,at_station,
T139,1260.3,S6,S5-S6,2.9,49.3,at_station,
T133,1260.8,S12,S11-S12,-0.8,75.9,at_station,
T136,1262.6,S9,S8-S9,5.4,78.2,at_station,
T138,1268.2,S8,S7-S8,-4.2,52.9,at_station,
T137,1275.3,S9,S8-S9,-4.5,74.6,at_station,
T134,1276.9,S12,S11-S12,-8.1,74.4,at_station,
T135,1279.5,S11,S10-S11,1.3,46.7,at_station,
T136,1282.2,S10,S9-S10,3.7,80.5,at_station,
T140,1282.4,S6,S5-S6,-0.6,37.8,at_station,
T139,1285.2,S7,S6-S7,4.8,70.8,at_station,
T138,1291.2,S9,S8-S9,-7.2,67.1,at_station,
T137,1297.1,S10,S9-S10,-4.0,72.7,at_station,
T139,1298.3,S8,S7-S8,2.8,51.9,at_station,
T136,1300.4,S11,S10-S11,0.8,43.4,at_station,
T140,1303.6,S7,S6-S7,-2.3,75.5,at_station,
T135,1312.8,S12,S11-S12,3.6,82.9,at_station,
T138,1313.1,S10,S9-S10,-6.5,78.4,at_station,
T137,1318.4,S11,S10-S11,-3.9,49.7,at_station,
T140,1320.8,S8,S7-S8,-0.3,60.7,at_station,
T139,1322.1,S9,S8-S9,0.6,68.5,at_station,
T136,1328.9,S12,S11-S12,-1.7,75.1,at_station,
T138,1334.4,S11,S10-S11,-6.5,39.2,at_station,
T139,1340.0,S10,S9-S10,-2.8,79.9,at_station,
T140,1348.0,S9,S8-S9,0.9,80.3,at_station,
T137,1349.2,S12,S11-S12,-4.0,85.5,at_station,
T139,1362.5,S11,S10-S11,-1.4,61.8,at_station,
T138,1366.0,S12,S11-S12,-5.8,79.2,at_station,
T140,1370.6,S10,S9-S10,2.3,77.3,at_station,
T140,1392.5,S11,S10-S11,3.1,49.0,at_station,
T139,1397.1,S12,S11-S12,2.2,70.1,at_station,
T101,1401.0,S2,S1-S2,5.0,70.0,running,
T101,1404.0,S2,S1-S2,5.0,70.0,running,
T101,1407.0,S2,S1-S2,5.0,70.0,running,
T140,1419.0,S12,S11-S12,-1.4,70.8,at_station,
T106,,,,,,,
T112,,,,,,,
T116,,,,,,,
