train_id,name,rake_id,station,seq,sched_arr,sched_dep,actual_arr,actual_dep,delay_arr_min
T101,Sim Express 101,R01,S1,0,296.7,296.7,297.4,297.4,0.7
T101,Sim Express 101,R01,S2,1,311.1,313.1,309.2,311.2,-1.9
T101,Sim Express 101,R01,S3,2,330.7,332.7,328.9,330.9,-1.8
T101,Sim Express 101,R01,S4,3,349.1,351.1,345.6,347.6,-3.6
T101,Sim Express 101,R01,S5,4,373.5,375.5,369.0,371.0,-4.6
T101,Sim Express 101,R01,S6,5,399.5,402.5,395.1,398.1,-4.5
T101,Sim Express 101,R01,S7,6,422.5,424.5,420.7,422.7,-1.9
T101,Sim Express 101,R01,S8,7,437.6,439.6,433.5,435.5,-4.2
T101,Sim Express 101,R01,S9,8,463.6,465.6,462.4,464.4,-1.2
T101,Sim Express 101,R01,S10,9,484.8,486.8,482.5,484.5,-2.3
T101,Sim Express 101,R01,S11,10,506.0,509.0,503.4,506.4,-2.7
T101,Sim Express 101,R01,S12,11,537.0,539.0,532.9,534.9,-4.2
T102,Sim Express 102,R02,S1,0,320.4,320.4,322.0,322.0,1.7
T102,Sim Express 102,R02,S2,1,334.8,336.8,337.6,339.6,2.9
T102,Sim Express 102,R02,S3,2,354.4,356.4,356.7,358.7,2.4
T102,Sim Express 102,R02,S4,3,372.8,374.8,377.6,379.6,4.9
T102,Sim Express 102,R02,S5,4,397.2,399.2,399.3,401.3,2.1
T102,Sim Express 102,R02,S6,5,423.2,426.2,431.0,434.0,7.9
T102,Sim Express 102,R02,S7,6,446.2,448.2,450.1,452.1,3.9
T102,Sim Express 102,R02,S8,7,461.3,463.3,463.0,465.0,1.7
T102,Sim Express 102,R02,S9,8,487.3,489.3,487.1,489.1,-0.2
T102,Sim Express 102,R02,S10,9,508.5,510.5,510.3,512.3,1.9
T102,Sim Express 102,R02,S11,10,529.7,532.7,530.8,533.8,1.1
T102,Sim Express 102,R02,S12,11,560.7,562.7,562.9,564.9,2.2
T103,Sim Express 103,R03,S1,0,345.8,345.8,349.7,349.7,3.9
T103,Sim Express 103,R03,S2,1,360.2,362.2,365.7,367.7,5.5
T103,Sim Express 103,R03,S3,2,379.8,381.8,397.1,399.1,17.3
T103,Sim Express 103,R03,S4,3,398.2,400.2,414.3,416.3,16.0
T103,Sim Express 103,R03,S5,4,422.6,424.6,436.4,438.4,13.8
T103,Sim Express 103,R03,S6,5,448.6,451.6,460.2,463.2,11.6
T103,Sim Express 103,R03,S7,6,471.6,473.6,483.3,485.3,11.6
T103,Sim Express 103,R03,S8,7,486.7,488.7,493.8,495.8,7.1
T103,Sim Express 103,R03,S9,8,512.7,514.7,518.2,520.2,5.5
T103,Sim Express 103,R03,S10,9,533.9,535.9,536.7,538.7,2.8
T103,Sim Express 103,R03,S11,10,555.1,558.1,555.2,558.2,0.1
T103,Sim Express 103,R03,S12,11,586.1,588.1,587.5,589.5,1.4
T104,Sim Express 104,R04,S1,0,368.0,368.0,368.2,368.2,0.2
T104,Sim Express 104,R04,S2,1,382.4,384.4,387.4,389.4,5.0
T104,Sim Express 104,R04,S3,2,402.0,404.0,412.3,414.3,10.3
T104,Sim Express 104,R04,S4,3,420.4,422.4,428.2,430.2,7.8
T104,Sim Express 104,R04,S5,4,444.8,446.8,453.1,455.1,8.4
T104,Sim Express 104,R04,S6,5,470.8,473.8,473.6,476.6,2.9
T104,Sim Express 104,R04,S7,6,493.8,495.8,496.7,498.7,2.9
T104,Sim Express 104,R04,S8,7,508.9,510.9,507.7,509.7,-1.2
T104,Sim Express 104,R04,S9,8,534.9,536.9,535.3,537.3,0.4
T104,Sim Express 104,R04,S10,9,556.1,558.1,555.9,557.9,-0.2
T104,Sim Express 104,R04,S11,10,577.3,580.3,574.4,577.4,-2.8
T104,Sim Express 104,R04,S12,11,608.3,610.3,606.9,608.9,-1.4
T105,Sim Express 105,R05,S1,0,391.7,391.7,393.8,393.8,2.0
T105,Sim Express 105,R05,S2,1,406.1,408.1,412.5,414.5,6.4
T105,Sim Express 105,R05,S3,2,425.7,427.7,438.0,440.0,12.3
T105,Sim Express 105,R05,S4,3,444.1,446.1,458.8,460.8,14.6
T105,Sim Express 105,R05,S5,4,468.5,470.5,481.8,483.8,13.3
T105,Sim Express 105,R05,S6,5,494.5,497.5,508.0,511.0,13.5
T105,Sim Express 105,R05,S7,6,517.5,519.5,530.7,532.7,13.2
T105,Sim Express 105,R05,S8,7,532.6,534.6,542.9,544.9,10.3
T105,Sim Express 105,R05,S9,8,558.6,560.6,565.5,567.5,6.9
T105,Sim Express 105,R05,S10,9,579.8,581.8,585.9,587.9,6.1
T105,Sim Express 105,R05,S11,10,601.0,604.0,606.0,609.0,5.0
T105,Sim Express 105,R05,S12,11,632.0,634.0,629.4,631.4,-2.7
T106,Sim Express 106,R06,S1,0,414.1,414.1,414.6,414.6,0.5
T106,Sim Express 106,R06,S2,1,428.5,430.5,435.3,437.3,6.8
T106,Sim Express 106,R06,S3,2,448.1,450.1,458.8,460.8,10.7
T106,Sim Express 106,R06,S4,3,466.5,468.5,479.6,481.6,13.0
T106,Sim Express 106,R06,S5,4,490.9,492.9,505.0,507.0,14.1
T106,Sim Express 106,R06,S6,5,516.9,519.9,529.2,532.2,12.3
T106,Sim Express 106,R06,S7,6,539.9,541.9,551.6,553.6,11.7
T106,Sim Express 106,R06,S8,7,555.0,557.0,566.4,568.4,11.4
T106,Sim Express 106,R06,S9,8,581.0,583.0,591.0,593.0,10.0
T106,Sim Express 106,R06,S10,9,602.2,604.2,609.0,611.0,6.8
T106,Sim Express 106,R06,S11,10,623.4,626.4,628.4,631.4,4.9
T106,Sim Express 106,R06,S12,11,654.4,656.4,652.3,654.3,-2.1
T107,Sim Express 107,R07,S1,0,434.4,434.4,435.3,435.3,0.9
T107,Sim Express 107,R07,S2,1,448.8,450.8,454.2,456.2,5.4
T107,Sim Express 107,R07,S3,2,468.4,470.4,484.5,486.5,16.2
T107,Sim Express 107,R07,S4,3,486.8,488.8,499.5,501.5,12.8
T107,Sim Express 107,R07,S5,4,511.2,513.2,520.1,522.1,9.0
T107,Sim Express 107,R07,S6,5,537.2,540.2,545.5,548.5,8.4
T107,Sim Express 107,R07,S7,6,560.2,562.2,568.0,570.0,7.9
T107,Sim Express 107,R07,S8,7,575.3,577.3,577.8,579.8,2.5
T107,Sim Express 107,R07,S9,8,601.3,603.3,603.6,605.6,2.4
T107,Sim Express 107,R07,S10,9,622.5,624.5,624.1,626.1,1.6
T107,Sim Express 107,R07,S11,10,643.7,646.7,645.3,648.3,1.6
T107,Sim Express 107,R07,S12,11,674.7,676.7,675.3,677.3,0.6
T108,Sim Express 108,R08,S1,0,457.1,457.1,461.0,461.0,3.9
T108,Sim Express 108,R08,S2,1,471.5,473.5,482.0,484.0,10.5
T108,Sim Express 108,R08,S3,2,491.1,493.1,507.9,509.9,16.8
T108,Sim Express 108,R08,S4,3,509.5,511.5,527.6,529.6,18.1
T108,Sim Express 108,R08,S5,4,533.9,535.9,551.1,553.1,17.2
T108,Sim Express 108,R08,S6,5,559.9,562.9,576.1,579.1,16.2
T108,Sim Express 108,R08,S7,6,582.9,584.9,599.6,601.6,16.7
T108,Sim Express 108,R08,S8,7,598.0,600.0,615.2,617.2,17.2
T108,Sim Express 108,R08,S9,8,624.0,626.0,639.5,641.5,15.5
T108,Sim Express 108,R08,S10,9,645.2,647.2,658.4,660.4,13.2
T108,Sim Express 108,R08,S11,10,666.4,669.4,676.1,679.1,9.7
T108,Sim Express 108,R08,S12,11,697.4,699.4,705.4,707.4,8.0
T109,Sim Express 109,R09,S1,0,478.2,478.2,482.0,482.0,3.8
T109,Sim Express 109,R09,S2,1,492.6,494.6,501.3,503.3,8.7
T109,Sim Express 109,R09,S3,2,512.2,514.2,530.4,532.4,18.2
T109,Sim Express 109,R09,S4,3,530.6,532.6,549.3,551.3,18.7
T109,Sim Express 109,R09,S5,4,555.0,557.0,569.5,571.5,14.5
T109,Sim Express 109,R09,S6,5,581.0,584.0,595.9,598.9,14.9
T109,Sim Express 109,R09,S7,6,604.0,606.0,618.1,620.1,14.1
T109,Sim Express 109,R09,S8,7,619.1,621.1,631.9,633.9,12.7
T109,Sim Express 109,R09,S9,8,645.1,647.1,658.7,660.7,13.6
T109,Sim Express 109,R09,S10,9,666.3,668.3,681.9,683.9,15.6
T109,Sim Express 109,R09,S11,10,687.5,690.5,699.9,702.9,12.4
T109,Sim Express 109,R09,S12,11,718.5,720.5,731.2,733.2,12.7
T110,Sim Express 110,R10,S1,0,505.5,505.5,507.5,507.5,2.1
T110,Sim Express 110,R10,S2,1,519.9,521.9,525.2,527.2,5.3
T110,Sim Express 110,R10,S3,2,539.5,541.5,543.2,545.2,3.7
T110,Sim Express 110,R10,S4,3,557.9,559.9,560.2,562.2,2.4
T110,Sim Express 110,R10,S5,4,582.3,584.3,582.3,584.3,0.0
T110,Sim Express 110,R10,S6,5,608.3,611.3,606.4,609.4,-1.8
T110,Sim Express 110,R10,S7,6,631.3,633.3,626.0,628.0,-5.3
T110,Sim Express 110,R10,S8,7,646.4,648.4,641.7,643.7,-4.7
T110,Sim Express 110,R10,S9,8,672.4,674.4,666.6,668.6,-5.7
T110,Sim Express 110,R10,S10,9,693.6,695.6,690.2,692.2,-3.4
T110,Sim Express 110,R10,S11,10,714.8,717.8,708.6,711.6,-6.2
T110,Sim Express 110,R10,S12,11,745.8,747.8,739.6,741.6,-6.2
T111,Sim Express 111,R11,S1,0,527.1,527.1,529.4,529.4,2.4
T111,Sim Express 111,R11,S2,1,541.5,543.5,542.6,544.6,1.1
T111,Sim Express 111,R11,S3,2,561.1,563.1,561.7,563.7,0.7
T111,Sim Express 111,R11,S4,3,579.5,581.5,579.2,581.2,-0.3
T111,Sim Express 111,R11,S5,4,603.9,605.9,604.0,606.0,0.1
T111,Sim Express 111,R11,S6,5,629.9,632.9,630.2,633.2,0.4
T111,Sim Express 111,R11,S7,6,652.9,654.9,654.0,656.0,1.2
T111,Sim Express 111,R11,S8,7,668.0,670.0,668.1,670.1,0.1
T111,Sim Express 111,R11,S9,8,694.0,696.0,693.1,695.1,-0.9
T111,Sim Express 111,R11,S10,9,715.2,717.2,714.9,716.9,-0.3
T111,Sim Express 111,R11,S11,10,736.4,739.4,732.7,735.7,-3.7
T111,Sim Express 111,R11,S12,11,767.4,769.4,766.2,768.2,-1.2
T112,Sim Express 112,R12,S1,0,544.8,544.8,547.1,547.1,2.3
T112,Sim Express 112,R12,S2,1,559.2,561.2,561.2,563.2,2.0
T112,Sim Express 112,R12,S3,2,578.8,580.8,577.7,579.7,-1.1
T112,Sim Express 112,R12,S4,3,597.2,599.2,593.5,595.5,-3.7
T112,Sim Express 112,R12,S5,4,621.6,623.6,619.0,621.0,-2.6
T112,Sim Express 112,R12,S6,5,647.6,650.6,644.2,647.2,-3.4
T112,Sim Express 112,R12,S7,6,670.6,672.6,668.7,670.7,-1.9
T112,Sim Express 112,R12,S8,7,685.7,687.7,684.9,686.9,-0.8
T112,Sim Express 112,R12,S9,8,711.7,713.7,710.0,712.0,-1.7
T112,Sim Express 112,R12,S10,9,732.9,734.9,734.3,736.3,1.4
T112,Sim Express 112,R12,S11,10,754.1,757.1,755.4,758.4,1.3
T112,Sim Express 112,R12,S12,11,785.1,787.1,789.9,791.9,4.9
T113,Sim Express 113,R13,S1,0,569.4,569.4,571.4,571.4,2.0
T113,Sim Express 113,R13,S2,1,583.8,585.8,586.1,588.1,2.4
T113,Sim Express 113,R13,S3,2,603.4,605.4,604.2,606.2,0.9
T113,Sim Express 113,R13,S4,3,621.8,623.8,619.8,621.8,-1.9
T113,Sim Express 113,R13,S5,4,646.2,648.2,643.5,645.5,-2.7
T113,Sim Express 113,R13,S6,5,672.2,675.2,667.0,670.0,-5.2
T113,Sim Express 113,R13,S7,6,695.2,697.2,690.0,692.0,-5.2
T113,Sim Express 113,R13,S8,7,710.3,712.3,704.4,706.4,-5.9
T113,Sim Express 113,R13,S9,8,736.3,738.3,729.3,731.3,-7.0
T113,Sim Express 113,R13,S10,9,757.5,759.5,750.4,752.4,-7.0
T113,Sim Express 113,R13,S11,10,778.7,781.7,776.5,779.5,-2.2
T113,Sim Express 113,R13,S12,11,809.7,811.7,813.5,815.5,3.8
T114,Sim Express 114,R14,S1,0,590.7,590.7,590.8,590.8,0.1
T114,Sim Express 114,R14,S2,1,605.1,607.1,603.2,605.2,-1.9
T114,Sim Express 114,R14,S3,2,624.7,626.7,622.7,624.7,-2.0
T114,Sim Express 114,R14,S4,3,643.1,645.1,642.8,644.8,-0.3
T114,Sim Express 114,R14,S5,4,667.5,669.5,667.5,669.5,0.0
T114,Sim Express 114,R14,S6,5,693.5,696.5,694.6,697.6,1.1
T114,Sim Express 114,R14,S7,6,716.5,718.5,711.8,713.8,-4.7
T114,Sim Express 114,R14,S8,7,731.6,733.6,726.5,728.5,-5.1
T114,Sim Express 114,R14,S9,8,757.6,759.6,753.1,755.1,-4.6
T114,Sim Express 114,R14,S10,9,778.8,780.8,774.1,776.1,-4.7
T114,Sim Express 114,R14,S11,10,800.0,803.0,793.9,796.9,-6.1
T114,Sim Express 114,R14,S12,11,831.0,833.0,829.9,831.9,-1.1
T115,Sim Express 115,R15,S1,0,612.7,612.7,613.0,613.0,0.3
T115,Sim Express 115,R15,S2,1,627.1,629.1,629.0,631.0,1.9
T115,Sim Express 115,R15,S3,2,646.7,648.7,648.0,650.0,1.3
T115,Sim Express 115,R15,S4,3,665.1,667.1,665.2,667.2,0.0
T115,Sim Express 115,R15,S5,4,689.5,691.5,690.1,692.1,0.5
T115,Sim Express 115,R15,S6,5,715.5,718.5,717.6,720.6,2.1
T115,Sim Express 115,R15,S7,6,738.5,740.5,740.9,742.9,2.4
T115,Sim Express 115,R15,S8,7,753.6,755.6,755.0,757.0,1.4
T115,Sim Express 115,R15,S9,8,779.6,781.6,777.1,779.1,-2.6
T115,Sim Express 115,R15,S10,9,800.8,802.8,798.0,800.0,-2.8
T115,Sim Express 115,R15,S11,10,822.0,825.0,811.7,814.7,-10.3
T115,Sim Express 115,R15,S12,11,853.0,855.0,840.5,842.5,-12.6
T116,Sim Express 116,R16,S1,0,639.6,639.6,640.3,640.3,0.7
T116,Sim Express 116,R16,S2,1,654.0,656.0,653.3,655.3,-0.7
T116,Sim Express 116,R16,S3,2,673.6,675.6,675.8,677.8,2.2
T116,Sim Express 116,R16,S4,3,692.0,694.0,693.3,695.3,1.3
T116,Sim Express 116,R16,S5,4,716.4,718.4,718.1,720.1,1.7
T116,Sim Express 116,R16,S6,5,742.4,745.4,744.6,747.6,2.2
T116,Sim Express 116,R16,S7,6,765.4,767.4,768.6,770.6,3.2
T116,Sim Express 116,R16,S8,7,780.5,782.5,782.9,784.9,2.4
T116,Sim Express 116,R16,S9,8,806.5,808.5,809.4,811.4,2.8
T116,Sim Express 116,R16,S10,9,827.7,829.7,825.9,827.9,-1.8
T116,Sim Express 116,R16,S11,10,848.9,851.9,845.3,848.3,-3.6
T116,Sim Express 116,R16,S12,11,879.9,881.9,874.4,876.4,-5.5
T117,Sim Express 117,R17,S1,0,656.8,656.8,656.9,656.9,0.1
T117,Sim Express 117,R17,S2,1,671.2,673.2,669.8,671.8,-1.5
T117,Sim Express 117,R17,S3,2,690.8,692.8,694.4,696.4,3.6
T117,Sim Express 117,R17,S4,3,709.2,711.2,713.1,715.1,3.8
T117,Sim Express 117,R17,S5,4,733.6,735.6,736.3,738.3,2.6
T117,Sim Express 117,R17,S6,5,759.6,762.6,759.7,762.7,0.1
T117,Sim Express 117,R17,S7,6,782.6,784.6,782.8,784.8,0.2
T117,Sim Express 117,R17,S8,7,797.7,799.7,797.6,799.6,-0.1
T117,Sim Express 117,R17,S9,8,823.7,825.7,825.7,827.7,1.9
T117,Sim Express 117,R17,S10,9,844.9,846.9,845.6,847.6,0.7
T117,Sim Express 117,R17,S11,10,866.1,869.1,867.7,870.7,1.6
T117,Sim Express 117,R17,S12,11,897.1,899.1,899.1,901.1,2.0
T118,Sim Express 118,R18,S1,0,681.5,681.5,684.6,684.6,3.1
T118,Sim Express 118,R18,S2,1,695.9,697.9,700.1,702.1,4.1
T118,Sim Express 118,R18,S3,2,715.5,717.5,716.2,718.2,0.6
T118,Sim Express 118,R18,S4,3,733.9,735.9,738.2,740.2,4.2
T118,Sim Express 118,R18,S5,4,758.3,760.3,762.0,764.0,3.7
T118,Sim Express 118,R18,S6,5,784.3,787.3,787.9,790.9,3.6
T118,Sim Express 118,R18,S7,6,807.3,809.3,810.9,812.9,3.6
T118,Sim Express 118,R18,S8,7,822.4,824.4,829.8,831.8,7.3
T118,Sim Express 118,R18,S9,8,848.4,850.4,855.1,857.1,6.6
T118,Sim Express 118,R18,S10,9,869.6,871.6,882.7,884.7,13.0
T118,Sim Express 118,R18,S11,10,890.8,893.8,900.6,903.6,9.7
T118,Sim Express 118,R18,S12,11,921.8,923.8,928.4,930.4,6.6
T119,Sim Express 119,R19,S1,0,703.9,703.9,707.5,707.5,3.6
T119,Sim Express 119,R19,S2,1,718.3,720.3,723.0,725.0,4.7
T119,Sim Express 119,R19,S3,2,737.9,739.9,741.3,743.3,3.4
T119,Sim Express 119,R19,S4,3,756.3,758.3,757.2,759.2,1.0
T119,Sim Express 119,R19,S5,4,780.7,782.7,782.9,784.9,2.2
T119,Sim Express 119,R19,S6,5,806.7,809.7,809.4,812.4,2.7
T119,Sim Express 119,R19,S7,6,829.7,831.7,832.6,834.6,3.0
T119,Sim Express 119,R19,S8,7,844.8,846.8,849.6,851.6,4.8
T119,Sim Express 119,R19,S9,8,870.8,872.8,876.5,878.5,5.8
T119,Sim Express 119,R19,S10,9,892.0,894.0,897.7,899.7,5.7
T119,Sim Express 119,R19,S11,10,913.2,916.2,919.4,922.4,6.2
T119,Sim Express 119,R19,S12,11,944.2,946.2,950.3,952.3,6.1
T120,Sim Express 120,R20,S1,0,726.3,726.3,728.5,728.5,2.3
T120,Sim Express 120,R20,S2,1,740.7,742.7,738.0,740.0,-2.7
T120,Sim Express 120,R20,S3,2,760.3,762.3,759.4,761.4,-0.9
T120,Sim Express 120,R20,S4,3,778.7,780.7,776.8,778.8,-1.9
T120,Sim Express 120,R20,S5,4,803.1,805.1,798.6,800.6,-4.4
T120,Sim Express 120,R20,S6,5,829.1,832.1,828.0,831.0,-1.0
T120,Sim Express 120,R20,S7,6,852.1,854.1,852.0,854.0,-0.0
T120,Sim Express 120,R20,S8,7,867.2,869.2,866.3,868.3,-0.9
T120,Sim Express 120,R20,S9,8,893.2,895.2,893.8,895.8,0.6
T120,Sim Express 120,R20,S10,9,914.4,916.4,919.7,921.7,5.3
T120,Sim Express 120,R20,S11,10,935.6,938.6,944.0,947.0,8.5
T120,Sim Express 120,R20,S12,11,966.6,968.6,973.0,975.0,6.5
T121,Sim Express 121,R21,S1,0,748.1,748.1,752.0,752.0,3.9
T121,Sim Express 121,R21,S2,1,762.5,764.5,770.4,772.4,7.9
T121,Sim Express 121,R21,S3,2,782.1,784.1,788.9,790.9,6.8
T121,Sim Express 121,R21,S4,3,800.5,802.5,805.6,807.6,5.1
T121,Sim Express 121,R21,S5,4,824.9,826.9,828.3,830.3,3.4
T121,Sim Express 121,R21,S6,5,850.9,853.9,854.3,857.3,3.4
T121,Sim Express 121,R21,S7,6,873.9,875.9,878.9,880.9,5.0
T121,Sim Express 121,R21,S8,7,889.0,891.0,892.0,894.0,3.0
T121,Sim Express 121,R21,S9,8,915.0,917.0,920.3,922.3,5.2
T121,Sim Express 121,R21,S10,9,936.2,938.2,941.0,943.0,4.8
T121,Sim Express 121,R21,S11,10,957.4,960.4,963.6,966.6,6.2
T121,Sim Express 121,R21,S12,11,988.4,990.4,990.5,992.5,2.1
T122,Sim Express 122,R22,S1,0,768.8,768.8,771.3,771.3,2.5
T122,Sim Express 122,R22,S2,1,783.2,785.2,785.7,787.7,2.4
T122,Sim Express 122,R22,S3,2,802.8,804.8,803.4,805.4,0.5
T122,Sim Express 122,R22,S4,3,821.2,823.2,821.0,823.0,-0.3
T122,Sim Express 122,R22,S5,4,845.6,847.6,845.0,847.0,-0.6
T122,Sim Express 122,R22,S6,5,871.6,874.6,871.3,874.3,-0.3
T122,Sim Express 122,R22,S7,6,894.6,896.6,892.5,894.5,-2.2
T122,Sim Express 122,R22,S8,7,909.7,911.7,905.5,907.5,-4.2
T122,Sim Express 122,R22,S9,8,935.7,937.7,931.3,933.3,-4.4
T122,Sim Express 122,R22,S10,9,956.9,958.9,958.1,960.1,1.1
T122,Sim Express 122,R22,S11,10,978.1,981.1,980.6,983.6,2.4
T122,Sim Express 122,R22,S12,11,1009.1,1011.1,1010.6,1012.6,1.4
T123,Sim Express 123,R23,S1,0,794.7,794.7,795.7,795.7,1.1
T123,Sim Express 123,R23,S2,1,809.1,811.1,808.8,810.8,-0.3
T123,Sim Express 123,R23,S3,2,828.7,830.7,825.6,827.6,-3.1
T123,Sim Express 123,R23,S4,3,847.1,849.1,845.0,847.0,-2.1
T123,Sim Express 123,R23,S5,4,871.5,873.5,872.2,874.2,0.7
T123,Sim Express 123,R23,S6,5,897.5,900.5,897.4,900.4,-0.1
T123,Sim Express 123,R23,S7,6,920.5,922.5,921.7,923.7,1.2
T123,Sim Express 123,R23,S8,7,935.6,937.6,935.6,937.6,0.1
T123,Sim Express 123,R23,S9,8,961.6,963.6,960.9,962.9,-0.7
T123,Sim Express 123,R23,S10,9,982.8,984.8,980.7,982.7,-2.1
T123,Sim Express 123,R23,S11,10,1004.0,1007.0,1003.5,1006.5,-0.5
T123,Sim Express 123,R23,S12,11,1035.0,1037.0,1035.7,1037.7,0.8
T124,Sim Express 124,R24,S1,0,814.5,814.5,816.0,816.0,1.5
T124,Sim Express 124,R24,S2,1,828.9,830.9,831.1,833.1,2.2
T124,Sim Express 124,R24,S3,2,848.5,850.5,852.8,854.8,4.3
T124,Sim Express 124,R24,S4,3,866.9,868.9,869.6,871.6,2.7
T124,Sim Express 124,R24,S5,4,891.3,893.3,893.1,895.1,1.8
T124,Sim Express 124,R24,S6,5,917.3,920.3,918.2,921.2,0.9
T124,Sim Express 124,R24,S7,6,940.3,942.3,940.3,942.3,0.0
T124,Sim Express 124,R24,S8,7,955.4,957.4,957.4,959.4,2.0
T124,Sim Express 124,R24,S9,8,981.4,983.4,984.6,986.6,3.2
T124,Sim Express 124,R24,S10,9,1002.6,1004.6,1005.3,1007.3,2.7
T124,Sim Express 124,R24,S11,10,1023.8,1026.8,1023.9,1026.9,0.1
T124,Sim Express 124,R24,S12,11,1054.8,1056.8,1055.1,1057.1,0.3
T125,Sim Express 125,R25,S1,0,843.4,843.4,844.1,844.1,0.7
T125,Sim Express 125,R25,S2,1,857.8,859.8,859.0,861.0,1.3
T125,Sim Express 125,R25,S3,2,877.4,879.4,877.2,879.2,-0.2
T125,Sim Express 125,R25,S4,3,895.8,897.8,896.5,898.5,0.8
T125,Sim Express 125,R25,S5,4,920.2,922.2,918.1,920.1,-2.0
T125,Sim Express 125,R25,S6,5,946.2,949.2,943.9,946.9,-2.3
T125,Sim Express 125,R25,S7,6,969.2,971.2,967.8,969.8,-1.4
T125,Sim Express 125,R25,S8,7,984.3,986.3,981.6,983.6,-2.6
T125,Sim Express 125,R25,S9,8,1010.3,1012.3,1010.0,1012.0,-0.3
T125,Sim Express 125,R25,S10,9,1031.5,1033.5,1030.8,1032.8,-0.6
T125,Sim Express 125,R25,S11,10,1052.7,1055.7,1050.0,1053.0,-2.7
T125,Sim Express 125,R25,S12,11,1083.7,1085.7,1082.5,1084.5,-1.1
T126,Sim Express 126,R26,S1,0,859.1,859.1,859.8,859.8,0.7
T126,Sim Express 126,R26,S2,1,873.5,875.5,872.6,874.6,-0.9
T126,Sim Express 126,R26,S3,2,893.1,895.1,891.7,893.7,-1.5
T126,Sim Express 126,R26,S4,3,911.5,913.5,912.1,914.1,0.5
T126,Sim Express 126,R26,S5,4,935.9,937.9,935.2,937.2,-0.7
T126,Sim Express 126,R26,S6,5,961.9,964.9,964.2,967.2,2.2
T126,Sim Express 126,R26,S7,6,984.9,986.9,986.2,988.2,1.2
T126,Sim Express 126,R26,S8,7,1000.0,1002.0,1002.0,1004.0,1.9
T126,Sim Express 126,R26,S9,8,1026.0,1028.0,1026.9,1028.9,0.8
T126,Sim Express 126,R26,S10,9,1047.2,1049.2,1043.7,1045.7,-3.5
T126,Sim Express 126,R26,S11,10,1068.4,1071.4,1063.4,1066.4,-5.0
T126,Sim Express 126,R26,S12,11,1099.4,1101.4,1093.1,1095.1,-6.3
T127,Sim Express 127,R27,S1,0,883.3,883.3,886.0,886.0,2.6
T127,Sim Express 127,R27,S2,1,897.7,899.7,900.7,902.7,3.0
T127,Sim Express 127,R27,S3,2,917.3,919.3,919.9,921.9,2.5
T127,Sim Express 127,R27,S4,3,935.7,937.7,935.7,937.7,0.0
T127,Sim Express 127,R27,S5,4,960.1,962.1,958.2,960.2,-2.0
T127,Sim Express 127,R27,S6,5,986.1,989.1,985.3,988.3,-0.9
T127,Sim Express 127,R27,S7,6,1009.1,1011.1,1007.3,1009.3,-1.8
T127,Sim Express 127,R27,S8,7,1024.2,1026.2,1020.3,1022.3,-3.9
T127,Sim Express 127,R27,S9,8,1050.2,1052.2,1048.1,1050.1,-2.1
T127,Sim Express 127,R27,S10,9,1071.4,1073.4,1066.5,1068.5,-5.0
T127,Sim Express 127,R27,S11,10,1092.6,1095.6,1087.7,1090.7,-5.0
T127,Sim Express 127,R27,S12,11,1123.6,1125.6,1125.0,1127.0,1.3
T128,Sim Express 128,R28,S1,0,908.5,908.5,910.6,910.6,2.1
T128,Sim Express 128,R28,S2,1,922.9,924.9,923.7,925.7,0.8
T128,Sim Express 128,R28,S3,2,942.5,944.5,941.3,943.3,-1.3
T128,Sim Express 128,R28,S4,3,960.9,962.9,958.4,960.4,-2.6
T128,Sim Express 128,R28,S5,4,985.3,987.3,981.6,983.6,-3.8
T128,Sim Express 128,R28,S6,5,1011.3,1014.3,1007.5,1010.5,-3.9
T128,Sim Express 128,R28,S7,6,1034.3,1036.3,1028.3,1030.3,-6.0
T128,Sim Express 128,R28,S8,7,1049.4,1051.4,1045.7,1047.7,-3.7
T128,Sim Express 128,R28,S9,8,1075.4,1077.4,1070.1,1072.1,-5.3
T128,Sim Express 128,R28,S10,9,1096.6,1098.6,1090.7,1092.7,-5.9
T128,Sim Express 128,R28,S11,10,1117.8,1120.8,1113.3,1116.3,-4.6
T128,Sim Express 128,R28,S12,11,1148.8,1150.8,1147.3,1149.3,-1.6
T129,Sim Express 129,R29,S1,0,933.1,933.1,933.5,933.5,0.4
T129,Sim Express 129,R29,S2,1,947.5,949.5,946.6,948.6,-0.9
T129,Sim Express 129,R29,S3,2,967.1,969.1,967.6,969.6,0.5
T129,Sim Express 129,R29,S4,3,985.5,987.5,984.9,986.9,-0.5
T129,Sim Express 129,R29,S5,4,1009.9,1011.9,1006.1,1008.1,-3.8
T129,Sim Express 129,R29,S6,5,1035.9,1038.9,1030.9,1033.9,-5.0
T129,Sim Express 129,R29,S7,6,1058.9,1060.9,1057.0,1059.0,-1.9
T129,Sim Express 129,R29,S8,7,1074.0,1076.0,1073.5,1075.5,-0.5
T129,Sim Express 129,R29,S9,8,1100.0,1102.0,1103.5,1105.5,3.5
T129,Sim Express 129,R29,S10,9,1121.2,1123.2,1121.5,1123.5,0.3
T129,Sim Express 129,R29,S11,10,1142.4,1145.4,1144.9,1147.9,2.5
T129,Sim Express 129,R29,S12,11,1173.4,1175.4,1176.1,1178.1,2.7
T130,Sim Express 130,R30,S1,0,951.4,951.4,954.4,954.4,3.1
T130,Sim Express 130,R30,S2,1,965.8,967.8,964.8,966.8,-1.0
T130,Sim Express 130,R30,S3,2,985.4,987.4,989.3,991.3,3.9
T130,Sim Express 130,R30,S4,3,1003.8,1005.8,1008.2,1010.2,4.4
T130,Sim Express 130,R30,S5,4,1028.2,1030.2,1031.7,1033.7,3.5
T130,Sim Express 130,R30,S6,5,1054.2,1057.2,1058.0,1061.0,3.8
T130,Sim Express 130,R30,S7,6,1077.2,1079.2,1081.6,1083.6,4.4
T130,Sim Express 130,R30,S8,7,1092.3,1094.3,1097.6,1099.6,5.3
T130,Sim Express 130,R30,S9,8,1118.3,1120.3,1120.0,1122.0,1.7
T130,Sim Express 130,R30,S10,9,1139.5,1141.5,1138.7,1140.7,-0.8
T130,Sim Express 130,R30,S11,10,1160.7,1163.7,1159.3,1162.3,-1.4
T130,Sim Express 130,R30,S12,11,1191.7,1193.7,1189.1,1191.1,-2.6
T131,Sim Express 131,R31,S1,0,972.5,972.5,976.2,976.2,3.6
T131,Sim Express 131,R31,S2,1,986.9,988.9,987.3,989.3,0.4
T131,Sim Express 131,R31,S3,2,1006.5,1008.5,1007.0,1009.0,0.5
T131,Sim Express 131,R31,S4,3,1024.9,1026.9,1022.7,1024.7,-2.2
T131,Sim Express 131,R31,S5,4,1049.3,1051.3,1044.6,1046.6,-4.7
T131,Sim Express 131,R31,S6,5,1075.3,1078.3,1069.3,1072.3,-6.0
T131,Sim Express 131,R31,S7,6,1098.3,1100.3,1094.7,1096.7,-3.6
T131,Sim Express 131,R31,S8,7,1113.4,1115.4,1109.7,1111.7,-3.7
T131,Sim Express 131,R31,S9,8,1139.4,1141.4,1132.8,1134.8,-6.6
T131,Sim Express 131,R31,S10,9,1160.6,1162.6,1153.9,1155.9,-6.7
T131,Sim Express 131,R31,S11,10,1181.8,1184.8,1175.4,1178.4,-6.5
T131,Sim Express 131,R31,S12,11,1212.8,1214.8,1206.5,1208.5,-6.3
T132,Sim Express 132,R32,S1,0,994.1,994.1,995.3,995.3,1.2
T132,Sim Express 132,R32,S2,1,1008.5,1010.5,1007.7,1009.7,-0.8
T132,Sim Express 132,R32,S3,2,1028.1,1030.1,1029.8,1031.8,1.7
T132,Sim Express 132,R32,S4,3,1046.5,1048.5,1049.2,1051.2,2.7
T132,Sim Express 132,R32,S5,4,1070.9,1072.9,1073.3,1075.3,2.5
T132,Sim Express 132,R32,S6,5,1096.9,1099.9,1097.1,1100.1,0.3
T132,Sim Express 132,R32,S7,6,1119.9,1121.9,1120.6,1122.6,0.7
T132,Sim Express 132,R32,S8,7,1135.0,1137.0,1134.3,1136.3,-0.7
T132,Sim Express 132,R32,S9,8,1161.0,1163.0,1160.5,1162.5,-0.5
T132,Sim Express 132,R32,S10,9,1182.2,1184.2,1181.2,1183.2,-0.9
T132,Sim Express 132,R32,S11,10,1203.4,1206.4,1206.0,1209.0,2.6
T132,Sim Express 132,R32,S12,11,1234.4,1236.4,1234.0,1236.0,-0.4
T133,Sim Express 133,R01,S1,0,1021.3,1021.3,1023.8,1023.8,2.6
T133,Sim Express 133,R01,S2,1,1035.7,1037.7,1031.7,1033.7,-4.0
T133,Sim Express 133,R01,S3,2,1055.3,1057.3,1052.4,1054.4,-2.9
T133,Sim Express 133,R01,S4,3,1073.7,1075.7,1073.3,1075.3,-0.4
T133,Sim Express 133,R01,S5,4,1098.1,1100.1,1096.5,1098.5,-1.5
T133,Sim Express 133,R01,S6,5,1124.1,1127.1,1122.6,1125.6,-1.5
T133,Sim Express 133,R01,S7,6,1147.1,1149.1,1144.7,1146.7,-2.3
T133,Sim Express 133,R01,S8,7,1162.2,1164.2,1162.2,1164.2,0.0
T133,Sim Express 133,R01,S9,8,1188.2,1190.2,1190.2,1192.2,2.1
T133,Sim Express 133,R01,S10,9,1209.4,1211.4,1211.1,1213.1,1.7
T133,Sim Express 133,R01,S11,10,1230.6,1233.6,1228.9,1231.9,-1.7
T133,Sim Express 133,R01,S12,11,1261.6,1263.6,1260.8,1262.8,-0.8
T134,Sim Express 134,R02,S1,0,1044.7,1044.7,1047.5,1047.5,2.8
T134,Sim Express 134,R02,S2,1,1059.1,1061.1,1061.9,1063.9,2.9
T134,Sim Express 134,R02,S3,2,1078.7,1080.7,1077.5,1079.5,-1.2
T134,Sim Express 134,R02,S4,3,1097.1,1099.1,1093.3,1095.3,-3.8
T134,Sim Express 134,R02,S5,4,1121.5,1123.5,1118.8,1120.8,-2.6
T134,Sim Express 134,R02,S6,5,1147.5,1150.5,1142.2,1145.2,-5.3
T134,Sim Express 134,R02,S7,6,1170.5,1172.5,1167.0,1169.0,-3.5
T134,Sim Express 134,R02,S8,7,1185.6,1187.6,1182.2,1184.2,-3.4
T134,Sim Express 134,R02,S9,8,1211.6,1213.6,1209.4,1211.4,-2.1
T134,Sim Express 134,R02,S10,9,1232.8,1234.8,1227.4,1229.4,-5.4
T134,Sim Express 134,R02,S11,10,1254.0,1257.0,1247.4,1250.4,-6.6
T134,Sim Express 134,R02,S12,11,1285.0,1287.0,1276.9,1278.9,-8.1
T135,Sim Express 135,R03,S1,0,1068.9,1068.9,1071.7,1071.7,2.8
T135,Sim Express 135,R03,S2,1,1083.3,1085.3,1085.4,1087.4,2.1
T135,Sim Express 135,R03,S3,2,1102.9,1104.9,1104.1,1106.1,1.2
T135,Sim Express 135,R03,S4,3,1121.3,1123.3,1120.3,1122.3,-1.0
T135,Sim Express 135,R03,S5,4,1145.7,1147.7,1146.4,1148.4,0.7
T135,Sim Express 135,R03,S6,5,1171.7,1174.7,1169.9,1172.9,-1.8
T135,Sim Express 135,R03,S7,6,1194.7,1196.7,1196.1,1198.1,1.4
T135,Sim Express 135,R03,S8,7,1209.8,1211.8,1209.8,1211.8,-0.0
T135,Sim Express 135,R03,S9,8,1235.8,1237.8,1235.9,1237.9,0.1
T135,Sim Express 135,R03,S10,9,1257.0,1259.0,1258.4,1260.4,1.4
T135,Sim Express 135,R03,S11,10,1278.2,1281.2,1279.5,1282.5,1.3
T135,Sim Express 135,R03,S12,11,1309.2,1311.2,1312.8,1314.8,3.6
T136,Sim Express 136,R04,S1,0,1090.3,1090.3,1091.6,1091.6,1.3
T136,Sim Express 136,R04,S2,1,1104.7,1106.7,1106.7,1108.7,1.9
T136,Sim Express 136,R04,S3,2,1124.3,1126.3,1124.6,1126.6,0.2
T136,Sim Express 136,R04,S4,3,1142.7,1144.7,1143.7,1145.7,0.9
T136,Sim Express 136,R04,S5,4,1167.1,1169.1,1167.7,1169.7,0.5
T136,Sim Express 136,R04,S6,5,1193.1,1196.1,1197.3,1200.3,4.1
T136,Sim Express 136,R04,S7,6,1216.1,1218.1,1217.8,1219.8,1.6
T136,Sim Express 136,R04,S8,7,1231.2,1233.2,1231.5,1233.5,0.3
T136,Sim Express 136,R04,S9,8,1257.2,1259.2,1262.6,1264.6,5.4
T136,Sim Express 136,R04,S10,9,1278.4,1280.4,1282.2,1284.2,3.7
T136,Sim Express 136,R04,S11,10,1299.6,1302.6,1300.4,1303.4,0.8
T136,Sim Express 136,R04,S12,11,1330.6,1332.6,1328.9,1330.9,-1.7
T137,Sim Express 137,R05,S1,0,1112.9,1112.9,1115.8,1115.8,2.9
T137,Sim Express 137,R05,S2,1,1127.3,1129.3,1129.0,1131.0,1.6
T137,Sim Express 137,R05,S3,2,1146.9,1148.9,1146.8,1148.8,-0.1
T137,Sim Express 137,R05,S4,3,1165.3,1167.3,1165.3,1167.3,-0.0
T137,Sim Express 137,R05,S5,4,1189.7,1191.7,1183.9,1185.9,-5.8
T137,Sim Express 137,R05,S6,5,1215.7,1218.7,1209.3,1212.3,-6.5
T137,Sim Express 137,R05,S7,6,1238.7,1240.7,1232.7,1234.7,-6.0
T137,Sim Express 137,R05,S8,7,1253.8,1255.8,1250.5,1252.5,-3.4
T137,Sim Express 137,R05,S9,8,1279.8,1281.8,1275.3,1277.3,-4.5
T137,Sim Express 137,R05,S10,9,1301.0,1303.0,1297.1,1299.1,-4.0
T137,Sim Express 137,R05,S11,10,1322.2,1325.2,1318.4,1321.4,-3.9
T137,Sim Express 137,R05,S12,11,1353.2,1355.2,1349.2,1351.2,-4.0
T138,Sim Express 138,R06,S1,0,1131.5,1131.5,1132.0,1132.0,0.4
T138,Sim Express 138,R06,S2,1,1145.9,1147.9,1144.1,1146.1,-1.8
T138,Sim Express 138,R06,S3,2,1165.5,1167.5,1162.0,1164.0,-3.6
T138,Sim Express 138,R06,S4,3,1183.9,1185.9,1179.9,1181.9,-4.0
T138,Sim Express 138,R06,S5,4,1208.3,1210.3,1203.9,1205.9,-4.4
T138,Sim Express 138,R06,S6,5,1234.3,1237.3,1230.2,1233.2,-4.1
T138,Sim Express 138,R06,S7,6,1257.3,1259.3,1254.1,1256.1,-3.3
T138,Sim Express 138,R06,S8,7,1272.4,1274.4,1268.2,1270.2,-4.2
T138,Sim Express 138,R06,S9,8,1298.4,1300.4,1291.2,1293.2,-7.2
T138,Sim Express 138,R06,S10,9,1319.6,1321.6,1313.1,1315.1,-6.5
T138,Sim Express 138,R06,S11,10,1340.8,1343.8,1334.4,1337.4,-6.5
T138,Sim Express 138,R06,S12,11,1371.8,1373.8,1366.0,1368.0,-5.8
T139,Sim Express 139,R07,S1,0,1154.6,1154.6,1158.5,1158.5,3.9
T139,Sim Express 139,R07,S2,1,1169.0,1171.0,1169.7,1171.7,0.6
T139,Sim Express 139,R07,S3,2,1188.6,1190.6,1188.0,1190.0,-0.6
T139,Sim Express 139,R07,S4,3,1207.0,1209.0,1207.2,1209.2,0.2
T139,Sim Express 139,R07,S5,4,1231.4,1233.4,1233.6,1235.6,2.2
T139,Sim Express 139,R07,S6,5,1257.4,1260.4,1260.3,1263.3,2.9
T139,Sim Express 139,R07,S7,6,1280.4,1282.4,1285.2,1287.2,4.8
T139,Sim Express 139,R07,S8,7,1295.5,1297.5,1298.3,1300.3,2.8
T139,Sim Express 139,R07,S9,8,1321.5,1323.5,1322.1,1324.1,0.6
T139,Sim Express 139,R07,S10,9,1342.7,1344.7,1340.0,1342.0,-2.8
T139,Sim Express 139,R07,S11,10,1363.9,1366.9,1362.5,1365.5,-1.4
T139,Sim Express 139,R07,S12,11,1394.9,1396.9,1397.1,1399.1,2.2
T140,Sim Express 140,R08,S1,0,1180.2,1180.2,1183.2,1183.2,3.0
T140,Sim Express 140,R08,S2,1,1194.6,1196.6,1192.9,1194.9,-1.7
T140,Sim Express 140,R08,S3,2,1214.2,1216.2,1210.8,1212.8,-3.4
T140,Sim Express 140,R08,S4,3,1232.6,1234.6,1226.9,1228.9,-5.7
T140,Sim Express 140,R08,S5,4,1257.0,1259.0,1253.8,1255.8,-3.2
T140,Sim Express 140,R08,S6,5,1283.0,1286.0,1282.4,1285.4,-0.6
T140,Sim Express 140,R08,S7,6,1306.0,1308.0,1303.6,1305.6,-2.3
T140,Sim Express 140,R08,S8,7,1321.1,1323.1,1320.8,1322.8,-0.3
T140,Sim Express 140,R08,S9,8,1347.1,1349.1,1348.0,1350.0,0.9
T140,Sim Express 140,R08,S10,9,1368.3,1370.3,1370.6,1372.6,2.3
T140,Sim Express 140,R08,S11,10,1389.5,1392.5,1392.5,1395.5,3.1
T140,Sim Express 140,R08,S12,11,1420.5,1422.5,1419.0,1421.0,-1.4
